{"coverage": 90.3030303030303, "raw_data": {"meta": {"format": 3, "version": "7.6.4", "timestamp": "2024-12-11T12:02:06.225437", "branch_coverage": false, "show_contexts": false}, "files": {"src/fractal_ome_zarr_hcs_stitching/__init__.py": {"executed_lines": [1, 3, 5, 6], "summary": {"covered_lines": 3, "num_statements": 5, "percent_covered": 60.0, "percent_covered_display": "60", "missing_lines": 2, "excluded_lines": 0}, "missing_lines": [7, 8], "excluded_lines": [], "functions": {"": {"executed_lines": [1, 3, 5, 6], "summary": {"covered_lines": 3, "num_statements": 5, "percent_covered": 60.0, "percent_covered_display": "60", "missing_lines": 2, "excluded_lines": 0}, "missing_lines": [7, 8], "excluded_lines": []}}, "classes": {"": {"executed_lines": [1, 3, 5, 6], "summary": {"covered_lines": 3, "num_statements": 5, "percent_covered": 60.0, "percent_covered_display": "60", "missing_lines": 2, "excluded_lines": 0}, "missing_lines": [7, 8], "excluded_lines": []}}}, "src/fractal_ome_zarr_hcs_stitching/stitching_task.py": {"executed_lines": [1, 3, 4, 5, 6, 8, 9, 10, 11, 12, 13, 14, 15, 16, 20, 21, 22, 23, 24, 25, 27, 33, 36, 37, 73, 76, 77, 78, 79, 82, 86, 91, 92, 99, 103, 108, 110, 111, 113, 117, 121, 122, 123, 126, 127, 128, 136, 137, 138, 145, 156, 163, 169, 170, 171, 174, 175, 180, 181, 187, 188, 191, 192, 194, 198, 199, 200, 202, 204, 207, 208, 210, 218, 220, 221, 224, 226, 228, 229, 230, 232, 234, 242, 243, 249, 258, 259, 260, 279, 282, 283, 284, 285, 286, 288, 291, 292, 298, 299, 310, 311, 312, 313, 314, 316, 320, 321, 322, 337, 339, 342], "summary": {"covered_lines": 110, "num_statements": 121, "percent_covered": 90.9090909090909, "percent_covered_display": "91", "missing_lines": 11, "excluded_lines": 0}, "missing_lines": [130, 134, 157, 158, 161, 327, 328, 331, 332, 343, 345], "excluded_lines": [], "functions": {"stitching_task": {"executed_lines": [73, 76, 77, 78, 79, 82, 86, 91, 92, 99, 103, 108, 110, 111, 113, 117, 121, 122, 123, 126, 127, 128, 136, 137, 138, 145, 156, 163, 169, 170, 171, 174, 175, 180, 181, 187, 188, 191, 192, 194, 198, 199, 200, 202, 204, 207, 208, 210, 218, 220, 221, 224, 226, 228, 229, 230, 232, 234, 242, 243, 249, 258, 259, 260, 279, 282, 283, 284, 285, 286, 288, 291, 292, 298, 299, 310, 311, 312, 313, 314, 316, 320, 321, 322, 337, 339], "summary": {"covered_lines": 86, "num_statements": 95, "percent_covered": 90.52631578947368, "percent_covered_display": "91", "missing_lines": 9, "excluded_lines": 0}, "missing_lines": [130, 134, 157, 158, 161, 327, 328, 331, 332], "excluded_lines": []}, "": {"executed_lines": [1, 3, 4, 5, 6, 8, 9, 10, 11, 12, 13, 14, 15, 16, 20, 21, 22, 23, 24, 25, 27, 33, 36, 37, 342], "summary": {"covered_lines": 24, "num_statements": 26, "percent_covered": 92.3076923076923, "percent_covered_display": "92", "missing_lines": 2, "excluded_lines": 0}, "missing_lines": [343, 345], "excluded_lines": []}}, "classes": {"": {"executed_lines": [1, 3, 4, 5, 6, 8, 9, 10, 11, 12, 13, 14, 15, 16, 20, 21, 22, 23, 24, 25, 27, 33, 36, 37, 73, 76, 77, 78, 79, 82, 86, 91, 92, 99, 103, 108, 110, 111, 113, 117, 121, 122, 123, 126, 127, 128, 136, 137, 138, 145, 156, 163, 169, 170, 171, 174, 175, 180, 181, 187, 188, 191, 192, 194, 198, 199, 200, 202, 204, 207, 208, 210, 218, 220, 221, 224, 226, 228, 229, 230, 232, 234, 242, 243, 249, 258, 259, 260, 279, 282, 283, 284, 285, 286, 288, 291, 292, 298, 299, 310, 311, 312, 313, 314, 316, 320, 321, 322, 337, 339, 342], "summary": {"covered_lines": 110, "num_statements": 121, "percent_covered": 90.9090909090909, "percent_covered_display": "91", "missing_lines": 11, "excluded_lines": 0}, "missing_lines": [130, 134, 157, 158, 161, 327, 328, 331, 332, 343, 345], "excluded_lines": []}}}, "src/fractal_ome_zarr_hcs_stitching/utils.py": {"executed_lines": [1, 3, 4, 6, 7, 8, 10, 11, 12, 13, 15, 17, 35, 36, 37, 38, 40, 44, 46, 54, 57, 75, 76, 77, 78, 79, 81, 86, 93, 95, 104, 106, 108, 111, 112, 122, 123, 124], "summary": {"covered_lines": 36, "num_statements": 39, "percent_covered": 92.3076923076923, "percent_covered_display": "92", "missing_lines": 3, "excluded_lines": 0}, "missing_lines": [129, 130, 135], "excluded_lines": [], "functions": {"get_sim_from_multiscales": {"executed_lines": [35, 36, 37, 38, 40, 44, 46, 54], "summary": {"covered_lines": 8, "num_statements": 8, "percent_covered": 100.0, "percent_covered_display": "100", "missing_lines": 0, "excluded_lines": 0}, "missing_lines": [], "excluded_lines": []}, "get_tiles_from_sim": {"executed_lines": [75, 76, 77, 78, 79, 81, 86, 93, 95, 104, 106, 108], "summary": {"covered_lines": 12, "num_statements": 12, "percent_covered": 100.0, "percent_covered_display": "100", "missing_lines": 0, "excluded_lines": 0}, "missing_lines": [], "excluded_lines": []}, "StitchingChannelInputModel.get_omero_channel": {"executed_lines": [123, 124], "summary": {"covered_lines": 2, "num_statements": 5, "percent_covered": 40.0, "percent_covered_display": "40", "missing_lines": 3, "excluded_lines": 0}, "missing_lines": [129, 130, 135], "excluded_lines": []}, "": {"executed_lines": [1, 3, 4, 6, 7, 8, 10, 11, 12, 13, 15, 17, 57, 111, 112, 122], "summary": {"covered_lines": 14, "num_statements": 14, "percent_covered": 100.0, "percent_covered_display": "100", "missing_lines": 0, "excluded_lines": 0}, "missing_lines": [], "excluded_lines": []}}, "classes": {"StitchingChannelInputModel": {"executed_lines": [123, 124], "summary": {"covered_lines": 2, "num_statements": 5, "percent_covered": 40.0, "percent_covered_display": "40", "missing_lines": 3, "excluded_lines": 0}, "missing_lines": [129, 130, 135], "excluded_lines": []}, "": {"executed_lines": [1, 3, 4, 6, 7, 8, 10, 11, 12, 13, 15, 17, 35, 36, 37, 38, 40, 44, 46, 54, 57, 75, 76, 77, 78, 79, 81, 86, 93, 95, 104, 106, 108, 111, 112, 122], "summary": {"covered_lines": 34, "num_statements": 34, "percent_covered": 100.0, "percent_covered_display": "100", "missing_lines": 0, "excluded_lines": 0}, "missing_lines": [], "excluded_lines": []}}}}, "totals": {"covered_lines": 149, "num_statements": 165, "percent_covered": 90.3030303030303, "percent_covered_display": "90", "missing_lines": 16, "excluded_lines": 0}}, "coverage_path": "."}