{"coverage": 90.7514450867052, "raw_data": {"meta": {"format": 3, "version": "7.6.4", "timestamp": "2025-02-17T18:00:04.708485", "branch_coverage": false, "show_contexts": false}, "files": {"src/fractal_ome_zarr_hcs_stitching/__init__.py": {"executed_lines": [1, 3, 5, 6], "summary": {"covered_lines": 3, "num_statements": 5, "percent_covered": 60.0, "percent_covered_display": "60", "missing_lines": 2, "excluded_lines": 0}, "missing_lines": [7, 8], "excluded_lines": [], "functions": {"": {"executed_lines": [1, 3, 5, 6], "summary": {"covered_lines": 3, "num_statements": 5, "percent_covered": 60.0, "percent_covered_display": "60", "missing_lines": 2, "excluded_lines": 0}, "missing_lines": [7, 8], "excluded_lines": []}}, "classes": {"": {"executed_lines": [1, 3, 5, 6], "summary": {"covered_lines": 3, "num_statements": 5, "percent_covered": 60.0, "percent_covered_display": "60", "missing_lines": 2, "excluded_lines": 0}, "missing_lines": [7, 8], "excluded_lines": []}}}, "src/fractal_ome_zarr_hcs_stitching/stitching_task.py": {"executed_lines": [1, 3, 4, 5, 6, 8, 9, 10, 11, 12, 13, 14, 15, 16, 20, 21, 22, 23, 24, 25, 27, 34, 37, 38, 80, 83, 84, 85, 86, 89, 93, 98, 99, 106, 110, 115, 117, 118, 120, 124, 128, 129, 130, 133, 134, 135, 143, 144, 145, 153, 164, 171, 177, 178, 179, 182, 183, 188, 189, 195, 196, 199, 200, 202, 206, 207, 208, 210, 212, 215, 216, 218, 226, 228, 229, 232, 234, 236, 237, 238, 242, 253, 256, 264, 265, 271, 281, 282, 283, 302, 305, 306, 307, 308, 309, 311, 314, 315, 321, 322, 333, 334, 335, 336, 337, 339, 343, 344, 345, 360, 362, 365], "summary": {"covered_lines": 111, "num_statements": 122, "percent_covered": 90.98360655737704, "percent_covered_display": "91", "missing_lines": 11, "excluded_lines": 0}, "missing_lines": [137, 141, 165, 166, 169, 350, 351, 354, 355, 366, 368], "excluded_lines": [], "functions": {"stitching_task": {"executed_lines": [80, 83, 84, 85, 86, 89, 93, 98, 99, 106, 110, 115, 117, 118, 120, 124, 128, 129, 130, 133, 134, 135, 143, 144, 145, 153, 164, 171, 177, 178, 179, 182, 183, 188, 189, 195, 196, 199, 200, 202, 206, 207, 208, 210, 212, 215, 216, 218, 226, 228, 229, 232, 234, 236, 237, 238, 242, 253, 256, 264, 265, 271, 281, 282, 283, 302, 305, 306, 307, 308, 309, 311, 314, 315, 321, 322, 333, 334, 335, 336, 337, 339, 343, 344, 345, 360, 362], "summary": {"covered_lines": 87, "num_statements": 96, "percent_covered": 90.625, "percent_covered_display": "91", "missing_lines": 9, "excluded_lines": 0}, "missing_lines": [137, 141, 165, 166, 169, 350, 351, 354, 355], "excluded_lines": []}, "": {"executed_lines": [1, 3, 4, 5, 6, 8, 9, 10, 11, 12, 13, 14, 15, 16, 20, 21, 22, 23, 24, 25, 27, 34, 37, 38, 365], "summary": {"covered_lines": 24, "num_statements": 26, "percent_covered": 92.3076923076923, "percent_covered_display": "92", "missing_lines": 2, "excluded_lines": 0}, "missing_lines": [366, 368], "excluded_lines": []}}, "classes": {"": {"executed_lines": [1, 3, 4, 5, 6, 8, 9, 10, 11, 12, 13, 14, 15, 16, 20, 21, 22, 23, 24, 25, 27, 34, 37, 38, 80, 83, 84, 85, 86, 89, 93, 98, 99, 106, 110, 115, 117, 118, 120, 124, 128, 129, 130, 133, 134, 135, 143, 144, 145, 153, 164, 171, 177, 178, 179, 182, 183, 188, 189, 195, 196, 199, 200, 202, 206, 207, 208, 210, 212, 215, 216, 218, 226, 228, 229, 232, 234, 236, 237, 238, 242, 253, 256, 264, 265, 271, 281, 282, 283, 302, 305, 306, 307, 308, 309, 311, 314, 315, 321, 322, 333, 334, 335, 336, 337, 339, 343, 344, 345, 360, 362, 365], "summary": {"covered_lines": 111, "num_statements": 122, "percent_covered": 90.98360655737704, "percent_covered_display": "91", "missing_lines": 11, "excluded_lines": 0}, "missing_lines": [137, 141, 165, 166, 169, 350, 351, 354, 355, 366, 368], "excluded_lines": []}}}, "src/fractal_ome_zarr_hcs_stitching/utils.py": {"executed_lines": [1, 3, 4, 5, 7, 8, 9, 16, 17, 18, 19, 21, 24, 42, 43, 44, 45, 47, 51, 53, 61, 64, 82, 83, 84, 85, 86, 88, 93, 100, 102, 111, 113, 115, 118, 119, 128, 130, 131, 145, 146, 158, 159, 160, 162, 169], "summary": {"covered_lines": 43, "num_statements": 46, "percent_covered": 93.47826086956522, "percent_covered_display": "93", "missing_lines": 3, "excluded_lines": 0}, "missing_lines": [136, 137, 142], "excluded_lines": [], "functions": {"get_sim_from_multiscales": {"executed_lines": [42, 43, 44, 45, 47, 51, 53, 61], "summary": {"covered_lines": 8, "num_statements": 8, "percent_covered": 100.0, "percent_covered_display": "100", "missing_lines": 0, "excluded_lines": 0}, "missing_lines": [], "excluded_lines": []}, "get_tiles_from_sim": {"executed_lines": [82, 83, 84, 85, 86, 88, 93, 100, 102, 111, 113, 115], "summary": {"covered_lines": 12, "num_statements": 12, "percent_covered": 100.0, "percent_covered_display": "100", "missing_lines": 0, "excluded_lines": 0}, "missing_lines": [], "excluded_lines": []}, "StitchingChannelInputModel.get_omero_channel": {"executed_lines": [130, 131], "summary": {"covered_lines": 2, "num_statements": 5, "percent_covered": 40.0, "percent_covered_display": "40", "missing_lines": 3, "excluded_lines": 0}, "missing_lines": [136, 137, 142], "excluded_lines": []}, "PreRegistrationPruningMethod.get_pruning_method": {"executed_lines": [169], "summary": {"covered_lines": 1, "num_statements": 1, "percent_covered": 100.0, "percent_covered_display": "100", "missing_lines": 0, "excluded_lines": 0}, "missing_lines": [], "excluded_lines": []}, "": {"executed_lines": [1, 3, 4, 5, 7, 8, 9, 16, 17, 18, 19, 21, 24, 64, 118, 119, 128, 145, 146, 158, 159, 160, 162], "summary": {"covered_lines": 20, "num_statements": 20, "percent_covered": 100.0, "percent_covered_display": "100", "missing_lines": 0, "excluded_lines": 0}, "missing_lines": [], "excluded_lines": []}}, "classes": {"StitchingChannelInputModel": {"executed_lines": [130, 131], "summary": {"covered_lines": 2, "num_statements": 5, "percent_covered": 40.0, "percent_covered_display": "40", "missing_lines": 3, "excluded_lines": 0}, "missing_lines": [136, 137, 142], "excluded_lines": []}, "PreRegistrationPruningMethod": {"executed_lines": [169], "summary": {"covered_lines": 1, "num_statements": 1, "percent_covered": 100.0, "percent_covered_display": "100", "missing_lines": 0, "excluded_lines": 0}, "missing_lines": [], "excluded_lines": []}, "": {"executed_lines": [1, 3, 4, 5, 7, 8, 9, 16, 17, 18, 19, 21, 24, 42, 43, 44, 45, 47, 51, 53, 61, 64, 82, 83, 84, 85, 86, 88, 93, 100, 102, 111, 113, 115, 118, 119, 128, 145, 146, 158, 159, 160, 162], "summary": {"covered_lines": 40, "num_statements": 40, "percent_covered": 100.0, "percent_covered_display": "100", "missing_lines": 0, "excluded_lines": 0}, "missing_lines": [], "excluded_lines": []}}}}, "totals": {"covered_lines": 157, "num_statements": 173, "percent_covered": 90.7514450867052, "percent_covered_display": "91", "missing_lines": 16, "excluded_lines": 0}}, "coverage_path": "."}