{"coverage": 90.36144578313252, "raw_data": {"meta": {"format": 3, "version": "7.6.4", "timestamp": "2025-01-21T10:21:27.343204", "branch_coverage": false, "show_contexts": false}, "files": {"src/fractal_ome_zarr_hcs_stitching/__init__.py": {"executed_lines": [1, 3, 5, 6], "summary": {"covered_lines": 3, "num_statements": 5, "percent_covered": 60.0, "percent_covered_display": "60", "missing_lines": 2, "excluded_lines": 0}, "missing_lines": [7, 8], "excluded_lines": [], "functions": {"": {"executed_lines": [1, 3, 5, 6], "summary": {"covered_lines": 3, "num_statements": 5, "percent_covered": 60.0, "percent_covered_display": "60", "missing_lines": 2, "excluded_lines": 0}, "missing_lines": [7, 8], "excluded_lines": []}}, "classes": {"": {"executed_lines": [1, 3, 5, 6], "summary": {"covered_lines": 3, "num_statements": 5, "percent_covered": 60.0, "percent_covered_display": "60", "missing_lines": 2, "excluded_lines": 0}, "missing_lines": [7, 8], "excluded_lines": []}}}, "src/fractal_ome_zarr_hcs_stitching/stitching_task.py": {"executed_lines": [1, 3, 4, 5, 6, 8, 9, 10, 11, 12, 13, 14, 15, 16, 20, 21, 22, 23, 24, 25, 27, 33, 36, 37, 73, 76, 77, 78, 79, 82, 86, 91, 92, 99, 103, 108, 110, 111, 113, 117, 121, 122, 123, 126, 127, 128, 136, 137, 138, 145, 156, 163, 169, 170, 171, 174, 175, 180, 181, 187, 188, 191, 192, 194, 198, 199, 200, 202, 204, 207, 208, 210, 218, 220, 221, 224, 226, 228, 229, 230, 234, 245, 248, 256, 257, 263, 273, 274, 275, 294, 297, 298, 299, 300, 301, 303, 306, 307, 313, 314, 325, 326, 327, 328, 329, 331, 335, 336, 337, 352, 354, 357], "summary": {"covered_lines": 111, "num_statements": 122, "percent_covered": 90.98360655737704, "percent_covered_display": "91", "missing_lines": 11, "excluded_lines": 0}, "missing_lines": [130, 134, 157, 158, 161, 342, 343, 346, 347, 358, 360], "excluded_lines": [], "functions": {"stitching_task": {"executed_lines": [73, 76, 77, 78, 79, 82, 86, 91, 92, 99, 103, 108, 110, 111, 113, 117, 121, 122, 123, 126, 127, 128, 136, 137, 138, 145, 156, 163, 169, 170, 171, 174, 175, 180, 181, 187, 188, 191, 192, 194, 198, 199, 200, 202, 204, 207, 208, 210, 218, 220, 221, 224, 226, 228, 229, 230, 234, 245, 248, 256, 257, 263, 273, 274, 275, 294, 297, 298, 299, 300, 301, 303, 306, 307, 313, 314, 325, 326, 327, 328, 329, 331, 335, 336, 337, 352, 354], "summary": {"covered_lines": 87, "num_statements": 96, "percent_covered": 90.625, "percent_covered_display": "91", "missing_lines": 9, "excluded_lines": 0}, "missing_lines": [130, 134, 157, 158, 161, 342, 343, 346, 347], "excluded_lines": []}, "": {"executed_lines": [1, 3, 4, 5, 6, 8, 9, 10, 11, 12, 13, 14, 15, 16, 20, 21, 22, 23, 24, 25, 27, 33, 36, 37, 357], "summary": {"covered_lines": 24, "num_statements": 26, "percent_covered": 92.3076923076923, "percent_covered_display": "92", "missing_lines": 2, "excluded_lines": 0}, "missing_lines": [358, 360], "excluded_lines": []}}, "classes": {"": {"executed_lines": [1, 3, 4, 5, 6, 8, 9, 10, 11, 12, 13, 14, 15, 16, 20, 21, 22, 23, 24, 25, 27, 33, 36, 37, 73, 76, 77, 78, 79, 82, 86, 91, 92, 99, 103, 108, 110, 111, 113, 117, 121, 122, 123, 126, 127, 128, 136, 137, 138, 145, 156, 163, 169, 170, 171, 174, 175, 180, 181, 187, 188, 191, 192, 194, 198, 199, 200, 202, 204, 207, 208, 210, 218, 220, 221, 224, 226, 228, 229, 230, 234, 245, 248, 256, 257, 263, 273, 274, 275, 294, 297, 298, 299, 300, 301, 303, 306, 307, 313, 314, 325, 326, 327, 328, 329, 331, 335, 336, 337, 352, 354, 357], "summary": {"covered_lines": 111, "num_statements": 122, "percent_covered": 90.98360655737704, "percent_covered_display": "91", "missing_lines": 11, "excluded_lines": 0}, "missing_lines": [130, 134, 157, 158, 161, 342, 343, 346, 347, 358, 360], "excluded_lines": []}}}, "src/fractal_ome_zarr_hcs_stitching/utils.py": {"executed_lines": [1, 3, 4, 6, 7, 8, 10, 11, 12, 13, 15, 17, 35, 36, 37, 38, 40, 44, 46, 54, 57, 75, 76, 77, 78, 79, 81, 86, 93, 95, 104, 106, 108, 111, 112, 122, 123, 124], "summary": {"covered_lines": 36, "num_statements": 39, "percent_covered": 92.3076923076923, "percent_covered_display": "92", "missing_lines": 3, "excluded_lines": 0}, "missing_lines": [129, 130, 135], "excluded_lines": [], "functions": {"get_sim_from_multiscales": {"executed_lines": [35, 36, 37, 38, 40, 44, 46, 54], "summary": {"covered_lines": 8, "num_statements": 8, "percent_covered": 100.0, "percent_covered_display": "100", "missing_lines": 0, "excluded_lines": 0}, "missing_lines": [], "excluded_lines": []}, "get_tiles_from_sim": {"executed_lines": [75, 76, 77, 78, 79, 81, 86, 93, 95, 104, 106, 108], "summary": {"covered_lines": 12, "num_statements": 12, "percent_covered": 100.0, "percent_covered_display": "100", "missing_lines": 0, "excluded_lines": 0}, "missing_lines": [], "excluded_lines": []}, "StitchingChannelInputModel.get_omero_channel": {"executed_lines": [123, 124], "summary": {"covered_lines": 2, "num_statements": 5, "percent_covered": 40.0, "percent_covered_display": "40", "missing_lines": 3, "excluded_lines": 0}, "missing_lines": [129, 130, 135], "excluded_lines": []}, "": {"executed_lines": [1, 3, 4, 6, 7, 8, 10, 11, 12, 13, 15, 17, 57, 111, 112, 122], "summary": {"covered_lines": 14, "num_statements": 14, "percent_covered": 100.0, "percent_covered_display": "100", "missing_lines": 0, "excluded_lines": 0}, "missing_lines": [], "excluded_lines": []}}, "classes": {"StitchingChannelInputModel": {"executed_lines": [123, 124], "summary": {"covered_lines": 2, "num_statements": 5, "percent_covered": 40.0, "percent_covered_display": "40", "missing_lines": 3, "excluded_lines": 0}, "missing_lines": [129, 130, 135], "excluded_lines": []}, "": {"executed_lines": [1, 3, 4, 6, 7, 8, 10, 11, 12, 13, 15, 17, 35, 36, 37, 38, 40, 44, 46, 54, 57, 75, 76, 77, 78, 79, 81, 86, 93, 95, 104, 106, 108, 111, 112, 122], "summary": {"covered_lines": 34, "num_statements": 34, "percent_covered": 100.0, "percent_covered_display": "100", "missing_lines": 0, "excluded_lines": 0}, "missing_lines": [], "excluded_lines": []}}}}, "totals": {"covered_lines": 150, "num_statements": 166, "percent_covered": 90.36144578313252, "percent_covered_display": "90", "missing_lines": 16, "excluded_lines": 0}}, "coverage_path": "."}